"setor","estrato","n","alfabetizados"
"330240305010001","Macaé / Barra De Macaé",588,523
"330240305010002","Macaé / Barra De Macaé",624,576
"330240305010003","Macaé / Barra De Macaé",431,370
"330240305010004","Macaé / Barra De Macaé",248,222
"330240305010005","Macaé / Barra De Macaé",438,392
"330240305010006","Macaé / Barra De Macaé",814,727
"330240305010007","Macaé / Barra De Macaé",384,343
"330240305010008","Macaé / Barra De Macaé",285,242
"330240305010009","Macaé / Barra De Macaé",371,314
"330240305010010","Macaé / Barra De Macaé",665,578
"330240305010011","Macaé / Barra De Macaé",515,451
"330240305010012","Macaé / Barra De Macaé",316,280
"330240305010013","Macaé / Barra De Macaé",370,307
"330240305010014","Macaé / Barra De Macaé",507,423
"330240305010015","Macaé / Barra De Macaé",324,291
"330240305010016","Macaé / Barra De Macaé",473,395
"330240305010017","Macaé / Barra De Macaé",408,351
"330240305010018","Macaé / Barra De Macaé",864,734
"330240305010019","Macaé / Barra De Macaé",849,772
"330240305010020","Macaé / Barra De Macaé",633,548
"330240305010021","Macaé / Barra De Macaé",794,655
"330240305010022","Macaé / Barra De Macaé",724,592
"330240305010023","Macaé / Barra De Macaé",285,247
"330240305010024","Macaé / Barra De Macaé",577,464
"330240305010025","Macaé / Barra De Macaé",756,631
"330240305010026","Macaé / Barra De Macaé",421,358
"330240305010027","Macaé / Barra De Macaé",688,598
"330240305010028","Macaé / Barra De Macaé",606,511
"330240305010029","Macaé / Barra De Macaé",517,431
"330240305010030","Macaé / Barra De Macaé",571,496
"330240305010031","Macaé / Barra De Macaé",266,235
"330240305010032","Macaé / Barra De Macaé",543,477
"330240305010033","Macaé / Barra De Macaé",365,309
"330240305010034","Macaé / Barra De Macaé",343,277
"330240305010035","Macaé / Barra De Macaé",598,457
"330240305010036","Macaé / Barra De Macaé",445,387
"330240305010037","Macaé / Barra De Macaé",320,277
"330240305010038","Macaé / Barra De Macaé",310,251
"330240305010039","Macaé / Barra De Macaé",474,406
"330240305010040","Macaé / Barra De Macaé",288,254
"330240305010041","Macaé / Barra De Macaé",558,503
"330240305010042","Macaé / Barra De Macaé",606,500
"330240305010043","Macaé / Barra De Macaé",426,368
"330240305010044","Macaé / Barra De Macaé",283,246
"330240305010045","Macaé / Barra De Macaé",785,657
"330240305010046","Macaé / Barra De Macaé",816,632
"330240305010047","Macaé / Barra De Macaé",895,692
"330240305010048","Macaé / Barra De Macaé",803,641
"330240305010049","Macaé / Barra De Macaé",1086,765
"330240305010050","Macaé / Barra De Macaé",205,150
"330240305010051","Macaé / Barra De Macaé",687,543
"330240305010052","Macaé / Barra De Macaé",658,566
"330240305010053","Macaé / Barra De Macaé",302,224
"330240305010054","Macaé / Barra De Macaé",525,435
"330240305010055","Macaé / Barra De Macaé",565,480
"330240305010056","Macaé / Barra De Macaé",834,675
"330240305010057","Macaé / Barra De Macaé",743,601
"330240305010058","Macaé / Barra De Macaé",626,514
"330240305010059","Macaé / Barra De Macaé",571,469
"330240305010060","Macaé / Barra De Macaé",390,331
"330240305020001","Macaé / Aeroporto",611,558
"330240305020002","Macaé / Aeroporto",770,700
"330240305020003","Macaé / Aeroporto",500,449
"330240305020004","Macaé / Aeroporto",555,505
"330240305020005","Macaé / Aeroporto",564,508
"330240305020006","Macaé / Aeroporto",555,505
"330240305020007","Macaé / Aeroporto",701,630
"330240305020008","Macaé / Aeroporto",428,385
"330240305020009","Macaé / Aeroporto",553,484
"330240305020010","Macaé / Aeroporto",475,444
"330240305020011","Macaé / Aeroporto",439,399
"330240305020012","Macaé / Aeroporto",983,878
"330240305020013","Macaé / Aeroporto",1081,949
"330240305020014","Macaé / Aeroporto",528,470
"330240305020015","Macaé / Aeroporto",1097,989
"330240305020016","Macaé / Aeroporto",946,833
"330240305020017","Macaé / Aeroporto",546,491
"330240305020018","Macaé / Aeroporto",1597,1348
"330240305020019","Macaé / Aeroporto",586,505
"330240305020020","Macaé / Aeroporto",35,28
"330240305020021","Macaé / Aeroporto",1344,1137
"330240305020022","Macaé / Aeroporto",1075,929
"330240305020023","Macaé / Aeroporto",876,732
"330240305020024","Macaé / Aeroporto",386,323
"330240305020025","Macaé / Aeroporto",623,568
"330240305020026","Macaé / Aeroporto",475,419
"330240305020027","Macaé / Aeroporto",345,323
"330240305020028","Macaé / Aeroporto",560,511
"330240305020029","Macaé / Aeroporto",690,612
"330240305020030","Macaé / Aeroporto",502,455
"330240305020031","Macaé / Aeroporto",429,394
"330240305020032","Macaé / Aeroporto",630,582
"330240305020033","Macaé / Aeroporto",792,739
"330240305020034","Macaé / Aeroporto",526,485
"330240305020035","Macaé / Aeroporto",746,675
"330240305020036","Macaé / Aeroporto",901,816
"330240305020037","Macaé / Aeroporto",902,853
"330240305020038","Macaé / Aeroporto",79,69
"330240305020039","Macaé / Aeroporto",690,626
"330240305020040","Macaé / Aeroporto",894,806
"330240305020041","Macaé / Aeroporto",743,665
"330240305020042","Macaé / Aeroporto",668,559
"330240305020043","Macaé / Aeroporto",540,457
"330240305020044","Macaé / Aeroporto",1246,1031
"330240305020045","Macaé / Aeroporto",1227,1032
"330240305020047","Macaé / Aeroporto",519,392
"330240305020048","Macaé / Aeroporto",226,158
"330240305020049","Macaé / Aeroporto",766,681
"330240305020050","Macaé / Aeroporto",916,849
"330240305020051","Macaé / Aeroporto",837,685
"330240305020052","Macaé / Aeroporto",964,817
"330240305020053","Macaé / Aeroporto",1022,864
"330240305020054","Macaé / Aeroporto",347,300
"330240305020055","Macaé / Aeroporto",724,627
"330240305030001","Macaé / Cabiúnas",22,18
"330240305030002","Macaé / Cabiúnas",665,569
"330240305030003","Macaé / Cabiúnas",566,483
"330240305030004","Macaé / Cabiúnas",692,614
"330240305030005","Macaé / Cabiúnas",684,583
"330240305030006","Macaé / Cabiúnas",1012,895
"330240305030007","Macaé / Cabiúnas",881,742
"330240305030008","Macaé / Cabiúnas",53,38
"330240305030009","Macaé / Cabiúnas",1063,932
"330240305030010","Macaé / Cabiúnas",1036,888
"330240305030011","Macaé / Cabiúnas",758,636
"330240305030012","Macaé / Cabiúnas",713,624
"330240305030013","Macaé / Cabiúnas",800,676
"330240305030014","Macaé / Cabiúnas",1135,937
"330240305030015","Macaé / Cabiúnas",653,553
"330240305030016","Macaé / Cabiúnas",816,654
"330240305030017","Macaé / Cabiúnas",703,624
"330240305030018","Macaé / Cabiúnas",407,357
"330240305030019","Macaé / Cabiúnas",28,19
"330240305030020","Macaé / Cabiúnas",662,475
"330240305030021","Macaé / Cabiúnas",83,55
"330240305030023","Macaé / Cabiúnas",795,632
"330240305030024","Macaé / Cabiúnas",792,641
"330240305030025","Macaé / Cabiúnas",1013,857
"330240305030026","Macaé / Cabiúnas",464,397
"330240305030027","Macaé / Cabiúnas",1027,877
"330240305030028","Macaé / Cabiúnas",582,473
"330240305030029","Macaé / Cabiúnas",763,624
"330240305030030","Macaé / Cabiúnas",1478,1250
"330240305030031","Macaé / Cabiúnas",648,515
"330240305030032","Macaé / Cabiúnas",1102,948
"330240305030033","Macaé / Cabiúnas",691,570
"330240305030034","Macaé / Cabiúnas",481,411
"330240305030035","Macaé / Cabiúnas",684,605
"330240305040001","Macaé / Imboassica",423,355
"330240305040002","Macaé / Imboassica",688,633
"330240305040003","Macaé / Imboassica",612,574
"330240305040004","Macaé / Imboassica",758,690
"330240305040005","Macaé / Imboassica",1835,1612
"330240305040006","Macaé / Imboassica",569,513
"330240305040007","Macaé / Imboassica",194,171
"330240305040008","Macaé / Imboassica",490,431
"330240305040009","Macaé / Imboassica",383,342
"330240305040010","Macaé / Imboassica",503,452
"330240305040011","Macaé / Imboassica",555,491
"330240305040012","Macaé / Imboassica",449,402
"330240305040013","Macaé / Imboassica",977,895
"330240305040014","Macaé / Imboassica",525,465
"330240305040015","Macaé / Imboassica",695,650
"330240305040016","Macaé / Imboassica",456,420
"330240305040017","Macaé / Imboassica",280,261
"330240305040018","Macaé / Imboassica",427,405
"330240305040019","Macaé / Imboassica",659,613
"330240305040020","Macaé / Imboassica",480,431
"330240305040021","Macaé / Imboassica",640,586
"330240305040022","Macaé / Imboassica",792,697
"330240305040023","Macaé / Imboassica",496,450
"330240305040024","Macaé / Imboassica",482,427
"330240305040025","Macaé / Imboassica",644,576
"330240305040026","Macaé / Imboassica",428,397
"330240305040027","Macaé / Imboassica",277,255
"330240305040028","Macaé / Imboassica",132,112
"330240305040029","Macaé / Imboassica",1,0
"330240305040030","Macaé / Imboassica",587,528
"330240305040031","Macaé / Imboassica",538,479
"330240305040032","Macaé / Imboassica",479,424
"330240305040033","Macaé / Imboassica",690,614
"330240305040034","Macaé / Imboassica",188,154
"330240305040035","Macaé / Imboassica",470,424
"330240305040036","Macaé / Imboassica",641,587
"330240305040037","Macaé / Imboassica",689,624
"330240305050001","Macaé / Centro",214,197
"330240305050002","Macaé / Centro",499,476
"330240305050003","Macaé / Centro",345,318
"330240305050004","Macaé / Centro",195,186
"330240305050005","Macaé / Centro",123,119
"330240305050006","Macaé / Centro",383,364
"330240305050007","Macaé / Centro",378,355
"330240305050008","Macaé / Centro",347,319
"330240305050009","Macaé / Centro",259,244
"330240305050010","Macaé / Centro",164,151
"330240305050011","Macaé / Centro",175,166
"330240305050012","Macaé / Centro",287,274
"330240305050013","Macaé / Centro",110,104
"330240305050014","Macaé / Centro",57,53
"330240305050015","Macaé / Centro",215,202
"330240305050016","Macaé / Centro",343,321
"330240305050017","Macaé / Centro",88,78
"330240305050018","Macaé / Centro",301,289
"330240305050019","Macaé / Centro",414,387
"330240305050020","Macaé / Centro",86,54
"330240305050021","Macaé / Centro",248,216
"330240305050022","Macaé / Centro",154,140
"330240305050023","Macaé / Centro",459,429
"330240305050024","Macaé / Centro",164,153
"330240305050025","Macaé / Centro",434,391
"330240305050026","Macaé / Centro",318,295
"330240305050027","Macaé / Centro",555,474
"330240305050028","Macaé / Centro",489,455
"330240305050029","Macaé / Centro",253,223
"330240305050030","Macaé / Centro",608,543
"330240305050031","Macaé / Centro",616,551
"330240305050032","Macaé / Centro",274,256
"330240305050033","Macaé / Centro",423,383
"330240305050034","Macaé / Centro",236,229
"330240305050035","Macaé / Centro",569,512
"330240305050036","Macaé / Centro",364,321
"330240305050037","Macaé / Centro",197,177
"330240305050038","Macaé / Centro",401,364
"330240305050039","Macaé / Centro",400,370
"330240305050040","Macaé / Centro",587,541
"330240305050041","Macaé / Centro",451,408
"330240305050042","Macaé / Centro",332,303
"330240305050043","Macaé / Centro",509,448
"330240305050044","Macaé / Centro",758,671
"330240305050045","Macaé / Centro",1011,877
"330240305050046","Macaé / Centro",634,581
"330240305050047","Macaé / Centro",315,287
"330240305050048","Macaé / Centro",908,844
"330240305050049","Macaé / Centro",466,374
"330240305050050","Macaé / Centro",446,423
"330240305050051","Macaé / Centro",506,448
"330240305050052","Macaé / Centro",405,383
"330240305050053","Macaé / Centro",323,288
"330240305050054","Macaé / Centro",360,325
"330240305050055","Macaé / Centro",584,555
"330240305050056","Macaé / Centro",791,742
"330240305050057","Macaé / Centro",701,649
"330240305050058","Macaé / Centro",864,753
"330240305050059","Macaé / Centro",731,669
"330240305050060","Macaé / Centro",547,507
"330240305050061","Macaé / Centro",739,681
"330240305050062","Macaé / Centro",566,490
"330240305050063","Macaé / Centro",942,825
"330240305050064","Macaé / Centro",352,317
"330240305050065","Macaé / Centro",739,636
"330240305050066","Macaé / Centro",682,575
"330240305050067","Macaé / Centro",1161,991
"330240305050068","Macaé / Centro",642,609
"330240305050069","Macaé / Centro",669,615
"330240305050070","Macaé / Centro",748,676
"330240305050071","Macaé / Centro",1,1
"330240305050072","Macaé / Centro",714,644
"330240305050073","Macaé / Centro",661,606
"330240305050074","Macaé / Centro",465,428
"330240305050075","Macaé / Centro",469,434
"330240305050076","Macaé / Centro",487,434
"330240305050077","Macaé / Centro",350,314
"330240305050078","Macaé / Centro",695,618
"330240305050079","Macaé / Centro",560,497
"330240305050080","Macaé / Centro",573,477
"330240305050081","Macaé / Centro",765,663
"330240305050082","Macaé / Centro",893,693
"330240305050083","Macaé / Centro",920,728
"330240305050084","Macaé / Centro",564,509
"330240305050085","Macaé / Centro",599,500
"330240305050086","Macaé / Centro",461,382
"330240305050087","Macaé / Centro",590,506
"330240305050088","Macaé / Centro",836,650
"330240305050089","Macaé / Centro",722,630
"330240305050090","Macaé / Centro",793,666
"330240305050091","Macaé / Centro",534,433
"330240305050092","Macaé / Centro",466,382
"330240305050093","Macaé / Centro",1027,876
"330240305050094","Macaé / Centro",174,163
"330240305050095","Macaé / Centro",115,110
"330240305050096","Macaé / Centro",384,346
"330240305050097","Macaé / Centro",170,160
"330240305050098","Macaé / Centro",68,67
"330240305050099","Macaé / Centro",190,184
"330240305050100","Macaé / Centro",189,177
"330240305050101","Macaé / Centro",295,281
"330240305050102","Macaé / Centro",221,206
"330240305050103","Macaé / Centro",456,427
"330240305050104","Macaé / Centro",279,264
"330240305050105","Macaé / Centro",263,240
"330240305050106","Macaé / Centro",442,420
"330240305050107","Macaé / Centro",275,262
"330240305050108","Macaé / Centro",221,212
"330240305050109","Macaé / Centro",204,195
"330240305050110","Macaé / Centro",158,151
"330240305050111","Macaé / Centro",333,310
"330240305050112","Macaé / Centro",228,212
"330240305050113","Macaé / Centro",342,328
"330240305050114","Macaé / Centro",707,653
"330240305050115","Macaé / Centro",453,417
"330240305050116","Macaé / Centro",540,487
"330240305050117","Macaé / Centro",329,295
"330240305050118","Macaé / Centro",213,197
"330240305050119","Macaé / Centro",268,244
"330240305050120","Macaé / Centro",299,277
"330240305050121","Macaé / Centro",547,477
"330240305050122","Macaé / Centro",309,280
"330240305050123","Macaé / Centro",379,347
"330240305050124","Macaé / Centro",546,492
"330240305050125","Macaé / Centro",458,428
"330240305050126","Macaé / Centro",524,488
"330240305050127","Macaé / Centro",566,502
"330240305050128","Macaé / Centro",405,356
"330240305050129","Macaé / Centro",310,280
"330240305050130","Macaé / Centro",278,254
"330240305050131","Macaé / Centro",427,384
"330240305050132","Macaé / Centro",392,357
"330240305050133","Macaé / Centro",430,396
"330240305050134","Macaé / Centro",456,413
"330240305050135","Macaé / Centro",422,378
"330240305050136","Macaé / Centro",603,534
"330240305050137","Macaé / Centro",396,366
"330240305050138","Macaé / Centro",462,421
"330240305050139","Macaé / Centro",703,626
"330240305050140","Macaé / Centro",543,506
"330240305050141","Macaé / Centro",469,435
"330240305050142","Macaé / Centro",326,312
"330240305050143","Macaé / Centro",420,365
"330240305050144","Macaé / Centro",555,509
"330240305050145","Macaé / Centro",389,343
"330240305050146","Macaé / Centro",450,411
"330240305050147","Macaé / Centro",468,438
"330240305050148","Macaé / Centro",776,710
"330240305050149","Macaé / Centro",558,489
"330240305050150","Macaé / Centro",1711,1431
"330240305050151","Macaé / Centro",396,375
"330240305050152","Macaé / Centro",630,577
"330240305050153","Macaé / Centro",675,598
"330240305050154","Macaé / Centro",191,166
"330240305050155","Macaé / Centro",665,596
"330240305050156","Macaé / Centro",746,692
"330240305050157","Macaé / Centro",512,460
"330240305050158","Macaé / Centro",642,554
"330240305050159","Macaé / Centro",501,448
"330240305050160","Macaé / Centro",373,327
"330240305050161","Macaé / Centro",492,431
"330240305050162","Macaé / Centro",566,491
"330240305050163","Macaé / Centro",685,593
"330240305050164","Macaé / Centro",285,245
"330240305050165","Macaé / Centro",349,273
"330240305050166","Macaé / Centro",608,518
"330240305050167","Macaé / Centro",839,658
"330240305050168","Macaé / Centro",463,376
"330240305050169","Macaé / Centro",422,345
"330240305050170","Macaé / Centro",488,431
"330240305060001","Macaé / Nova Cidade",909,701
"330240305060002","Macaé / Nova Cidade",38,28
"330240305060003","Macaé / Nova Cidade",31,27
"330240305060004","Macaé / Nova Cidade",64,52
"330240305060005","Macaé / Nova Cidade",1053,930
"330240315000001","Cachoeiros De Macaé / Sem informação",146,126
"330240315000002","Cachoeiros De Macaé / Sem informação",155,126
"330240315000003","Cachoeiros De Macaé / Sem informação",208,160
"330240315000004","Cachoeiros De Macaé / Sem informação",334,248
"330240315000005","Cachoeiros De Macaé / Sem informação",301,242
"330240315000006","Cachoeiros De Macaé / Sem informação",175,107
"330240325000001","Córrego Do Ouro / Sem informação",1033,817
"330240325000002","Córrego Do Ouro / Sem informação",901,735
"330240325000003","Córrego Do Ouro / Sem informação",915,724
"330240325000004","Córrego Do Ouro / Sem informação",626,519
"330240325000005","Córrego Do Ouro / Sem informação",283,189
"330240325000006","Córrego Do Ouro / Sem informação",226,161
"330240325000007","Córrego Do Ouro / Sem informação",8,6
"330240327000001","Frade / Sem informação",453,400
"330240327000002","Frade / Sem informação",580,521
"330240327000003","Frade / Sem informação",210,164
"330240327000004","Frade / Sem informação",147,95
"330240330000001","Glicério / Sem informação",594,519
"330240330000002","Glicério / Sem informação",388,342
"330240330000003","Glicério / Sem informação",95,86
"330240330000004","Glicério / Sem informação",336,280
"330240330000005","Glicério / Sem informação",622,500
"330240330000006","Glicério / Sem informação",429,368
"330240330000007","Glicério / Sem informação",90,74
"330240330000008","Glicério / Sem informação",139,110
"330240330000009","Glicério / Sem informação",104,62
"330240340000001","Sana / Sem informação",518,448
"330240340000002","Sana / Sem informação",208,167
"330240340000003","Sana / Sem informação",137,115
"330240340000004","Sana / Sem informação",125,110
"330240340000005","Sana / Sem informação",42,37
"330240340000006","Sana / Sem informação",225,188
"330240340000007","Sana / Sem informação",293,244
