"uf","cor_raca","idade","sexo","pop"
"acre","Branca","18 a 24 anos","Feminino",11231
"acre","Branca","18 a 24 anos","Masculino",11074
"acre","Branca","25 a 34 anos","Feminino",13460
"acre","Branca","25 a 34 anos","Masculino",12922
"acre","Branca","35 a 44 anos","Feminino",12893
"acre","Branca","35 a 44 anos","Masculino",11254
"acre","Branca","45 a 59 anos","Feminino",12177
"acre","Branca","45 a 59 anos","Masculino",11463
"acre","Branca","60 anos ou mais","Feminino",9243
"acre","Branca","60 anos ou mais","Masculino",8270
"acre","Outras","18 a 24 anos","Feminino",2072
"acre","Outras","18 a 24 anos","Masculino",NA
"acre","Outras","25 a 34 anos","Feminino",NA
"acre","Outras","25 a 34 anos","Masculino",1965
"acre","Outras","35 a 44 anos","Feminino",1459
"acre","Outras","35 a 44 anos","Masculino",NA
"acre","Outras","45 a 59 anos","Feminino",NA
"acre","Outras","45 a 59 anos","Masculino",NA
"acre","Outras","60 anos ou mais","Feminino",NA
"acre","Outras","60 anos ou mais","Masculino",NA
"acre","Parda","18 a 24 anos","Feminino",35697
"acre","Parda","18 a 24 anos","Masculino",36887
"acre","Parda","25 a 34 anos","Feminino",46076
"acre","Parda","25 a 34 anos","Masculino",42663
"acre","Parda","35 a 44 anos","Feminino",43365
"acre","Parda","35 a 44 anos","Masculino",40851
"acre","Parda","45 a 59 anos","Feminino",41209
"acre","Parda","45 a 59 anos","Masculino",39232
"acre","Parda","60 anos ou mais","Feminino",25882
"acre","Parda","60 anos ou mais","Masculino",24241
"acre","Preta","18 a 24 anos","Feminino",3973
"acre","Preta","18 a 24 anos","Masculino",5208
"acre","Preta","25 a 34 anos","Feminino",5284
"acre","Preta","25 a 34 anos","Masculino",7126
"acre","Preta","35 a 44 anos","Feminino",5015
"acre","Preta","35 a 44 anos","Masculino",6952
"acre","Preta","45 a 59 anos","Feminino",5914
"acre","Preta","45 a 59 anos","Masculino",7532
"acre","Preta","60 anos ou mais","Feminino",NA
"acre","Preta","60 anos ou mais","Masculino",4798
"alagoas","Branca","18 a 24 anos","Feminino",49607
"alagoas","Branca","18 a 24 anos","Masculino",48852
"alagoas","Branca","25 a 34 anos","Feminino",66076
"alagoas","Branca","25 a 34 anos","Masculino",58442
"alagoas","Branca","35 a 44 anos","Feminino",71084
"alagoas","Branca","35 a 44 anos","Masculino",59248
"alagoas","Branca","45 a 59 anos","Feminino",86173
"alagoas","Branca","45 a 59 anos","Masculino",69781
"alagoas","Branca","60 anos ou mais","Feminino",77161
"alagoas","Branca","60 anos ou mais","Masculino",54242
"alagoas","Outras","18 a 24 anos","Feminino",1979
"alagoas","Outras","18 a 24 anos","Masculino",NA
"alagoas","Outras","25 a 34 anos","Feminino",2139
"alagoas","Outras","25 a 34 anos","Masculino",1757
"alagoas","Outras","35 a 44 anos","Feminino",2042
"alagoas","Outras","35 a 44 anos","Masculino",NA
"alagoas","Outras","45 a 59 anos","Feminino",2160
"alagoas","Outras","45 a 59 anos","Masculino",NA
"alagoas","Outras","60 anos ou mais","Feminino",NA
"alagoas","Outras","60 anos ou mais","Masculino",NA
"alagoas","Parda","18 a 24 anos","Feminino",112224
"alagoas","Parda","18 a 24 anos","Masculino",108801
"alagoas","Parda","25 a 34 anos","Feminino",157726
"alagoas","Parda","25 a 34 anos","Masculino",133893
"alagoas","Parda","35 a 44 anos","Feminino",154997
"alagoas","Parda","35 a 44 anos","Masculino",135264
"alagoas","Parda","45 a 59 anos","Feminino",174064
"alagoas","Parda","45 a 59 anos","Masculino",148471
"alagoas","Parda","60 anos ou mais","Feminino",127033
"alagoas","Parda","60 anos ou mais","Masculino",101621
"alagoas","Preta","18 a 24 anos","Feminino",17862
"alagoas","Preta","18 a 24 anos","Masculino",20360
"alagoas","Preta","25 a 34 anos","Feminino",22719
"alagoas","Preta","25 a 34 anos","Masculino",27468
"alagoas","Preta","35 a 44 anos","Feminino",23364
"alagoas","Preta","35 a 44 anos","Masculino",26562
"alagoas","Preta","45 a 59 anos","Feminino",30078
"alagoas","Preta","45 a 59 anos","Masculino",32340
"alagoas","Preta","60 anos ou mais","Feminino",24781
"alagoas","Preta","60 anos ou mais","Masculino",22614
"amapa","Branca","18 a 24 anos","Feminino",10813
"amapa","Branca","18 a 24 anos","Masculino",10409
"amapa","Branca","25 a 34 anos","Feminino",13373
"amapa","Branca","25 a 34 anos","Masculino",11545
"amapa","Branca","35 a 44 anos","Feminino",11461
"amapa","Branca","35 a 44 anos","Masculino",9352
"amapa","Branca","45 a 59 anos","Feminino",11125
"amapa","Branca","45 a 59 anos","Masculino",9295
"amapa","Branca","60 anos ou mais","Feminino",7647
"amapa","Branca","60 anos ou mais","Masculino",5361
"amapa","Outras","18 a 24 anos","Feminino",NA
"amapa","Outras","18 a 24 anos","Masculino",NA
"amapa","Outras","25 a 34 anos","Feminino",NA
"amapa","Outras","25 a 34 anos","Masculino",NA
"amapa","Outras","35 a 44 anos","Feminino",NA
"amapa","Outras","35 a 44 anos","Masculino",NA
"amapa","Outras","45 a 59 anos","Feminino",NA
"amapa","Outras","45 a 59 anos","Masculino",NA
"amapa","Outras","60 anos ou mais","Feminino",NA
"amapa","Outras","60 anos ou mais","Masculino",NA
"amapa","Parda","18 a 24 anos","Feminino",31460
"amapa","Parda","18 a 24 anos","Masculino",30844
"amapa","Parda","25 a 34 anos","Feminino",41056
"amapa","Parda","25 a 34 anos","Masculino",39464
"amapa","Parda","35 a 44 anos","Feminino",37276
"amapa","Parda","35 a 44 anos","Masculino",34462
"amapa","Parda","45 a 59 anos","Feminino",34798
"amapa","Parda","45 a 59 anos","Masculino",33088
"amapa","Parda","60 anos ou mais","Feminino",20255
"amapa","Parda","60 anos ou mais","Masculino",19499
"amapa","Preta","18 a 24 anos","Feminino",5351
"amapa","Preta","18 a 24 anos","Masculino",6387
"amapa","Preta","25 a 34 anos","Feminino",6693
"amapa","Preta","25 a 34 anos","Masculino",7853
"amapa","Preta","35 a 44 anos","Feminino",6603
"amapa","Preta","35 a 44 anos","Masculino",8142
"amapa","Preta","45 a 59 anos","Feminino",7250
"amapa","Preta","45 a 59 anos","Masculino",8848
"amapa","Preta","60 anos ou mais","Feminino",4021
"amapa","Preta","60 anos ou mais","Masculino",NA
"amazonas","Branca","18 a 24 anos","Feminino",47116
"amazonas","Branca","18 a 24 anos","Masculino",42397
"amazonas","Branca","25 a 34 anos","Feminino",56866
"amazonas","Branca","25 a 34 anos","Masculino",52401
"amazonas","Branca","35 a 44 anos","Feminino",55176
"amazonas","Branca","35 a 44 anos","Masculino",46739
"amazonas","Branca","45 a 59 anos","Feminino",56183
"amazonas","Branca","45 a 59 anos","Masculino",47566
"amazonas","Branca","60 anos ou mais","Feminino",41649
"amazonas","Branca","60 anos ou mais","Masculino",30486
"amazonas","Outras","18 a 24 anos","Feminino",20986
"amazonas","Outras","18 a 24 anos","Masculino",NA
"amazonas","Outras","25 a 34 anos","Feminino",NA
"amazonas","Outras","25 a 34 anos","Masculino",21522
"amazonas","Outras","35 a 44 anos","Feminino",17154
"amazonas","Outras","35 a 44 anos","Masculino",17185
"amazonas","Outras","45 a 59 anos","Feminino",15154
"amazonas","Outras","45 a 59 anos","Masculino",NA
"amazonas","Outras","60 anos ou mais","Feminino",NA
"amazonas","Outras","60 anos ou mais","Masculino",NA
"amazonas","Parda","18 a 24 anos","Feminino",174485
"amazonas","Parda","18 a 24 anos","Masculino",177565
"amazonas","Parda","25 a 34 anos","Feminino",225385
"amazonas","Parda","25 a 34 anos","Masculino",217763
"amazonas","Parda","35 a 44 anos","Feminino",206876
"amazonas","Parda","35 a 44 anos","Masculino",202305
"amazonas","Parda","45 a 59 anos","Feminino",199457
"amazonas","Parda","45 a 59 anos","Masculino",195774
"amazonas","Parda","60 anos ou mais","Feminino",124272
"amazonas","Parda","60 anos ou mais","Masculino",113933
"amazonas","Preta","18 a 24 anos","Feminino",9008
"amazonas","Preta","18 a 24 anos","Masculino",13353
"amazonas","Preta","25 a 34 anos","Feminino",13625
"amazonas","Preta","25 a 34 anos","Masculino",19787
"amazonas","Preta","35 a 44 anos","Feminino",14384
"amazonas","Preta","35 a 44 anos","Masculino",20577
"amazonas","Preta","45 a 59 anos","Feminino",14742
"amazonas","Preta","45 a 59 anos","Masculino",22347
"amazonas","Preta","60 anos ou mais","Feminino",10809
"amazonas","Preta","60 anos ou mais","Masculino",13886
"bahia","Branca","18 a 24 anos","Feminino",137448
"bahia","Branca","18 a 24 anos","Masculino",135250
"bahia","Branca","25 a 34 anos","Feminino",184366
"bahia","Branca","25 a 34 anos","Masculino",170348
"bahia","Branca","35 a 44 anos","Feminino",223152
"bahia","Branca","35 a 44 anos","Masculino",193732
"bahia","Branca","45 a 59 anos","Feminino",267086
"bahia","Branca","45 a 59 anos","Masculino",235631
"bahia","Branca","60 anos ou mais","Feminino",287917
"bahia","Branca","60 anos ou mais","Masculino",223267
"bahia","Outras","18 a 24 anos","Feminino",5943
"bahia","Outras","18 a 24 anos","Masculino",5743
"bahia","Outras","25 a 34 anos","Feminino",7924
"bahia","Outras","25 a 34 anos","Masculino",6533
"bahia","Outras","35 a 44 anos","Feminino",7847
"bahia","Outras","35 a 44 anos","Masculino",6978
"bahia","Outras","45 a 59 anos","Feminino",9530
"bahia","Outras","45 a 59 anos","Masculino",8274
"bahia","Outras","60 anos ou mais","Feminino",8131
"bahia","Outras","60 anos ou mais","Masculino",NA
"bahia","Parda","18 a 24 anos","Feminino",439076
"bahia","Parda","18 a 24 anos","Masculino",434709
"bahia","Parda","25 a 34 anos","Feminino",620255
"bahia","Parda","25 a 34 anos","Masculino",547127
"bahia","Parda","35 a 44 anos","Feminino",691532
"bahia","Parda","35 a 44 anos","Masculino",626138
"bahia","Parda","45 a 59 anos","Feminino",766069
"bahia","Parda","45 a 59 anos","Masculino",688670
"bahia","Parda","60 anos ou mais","Feminino",638208
"bahia","Parda","60 anos ou mais","Masculino",535743
"bahia","Preta","18 a 24 anos","Feminino",179178
"bahia","Preta","18 a 24 anos","Masculino",181535
"bahia","Preta","25 a 34 anos","Feminino",257503
"bahia","Preta","25 a 34 anos","Masculino",247819
"bahia","Preta","35 a 44 anos","Feminino",293777
"bahia","Preta","35 a 44 anos","Masculino",284982
"bahia","Preta","45 a 59 anos","Feminino",309731
"bahia","Preta","45 a 59 anos","Masculino",306509
"bahia","Preta","60 anos ou mais","Feminino",251341
"bahia","Preta","60 anos ou mais","Masculino",209725
"ceara","Branca","18 a 24 anos","Feminino",127130
"ceara","Branca","18 a 24 anos","Masculino",128201
"ceara","Branca","25 a 34 anos","Feminino",182079
"ceara","Branca","25 a 34 anos","Masculino",169410
"ceara","Branca","35 a 44 anos","Feminino",186784
"ceara","Branca","35 a 44 anos","Masculino",164242
"ceara","Branca","45 a 59 anos","Feminino",230512
"ceara","Branca","45 a 59 anos","Masculino",190706
"ceara","Branca","60 anos ou mais","Feminino",246995
"ceara","Branca","60 anos ou mais","Masculino",172925
"ceara","Outras","18 a 24 anos","Feminino",3036
"ceara","Outras","18 a 24 anos","Masculino",2791
"ceara","Outras","25 a 34 anos","Feminino",5109
"ceara","Outras","25 a 34 anos","Masculino",4591
"ceara","Outras","35 a 44 anos","Feminino",4294
"ceara","Outras","35 a 44 anos","Masculino",3595
"ceara","Outras","45 a 59 anos","Feminino",4746
"ceara","Outras","45 a 59 anos","Masculino",NA
"ceara","Outras","60 anos ou mais","Feminino",NA
"ceara","Outras","60 anos ou mais","Masculino",NA
"ceara","Parda","18 a 24 anos","Feminino",314796
"ceara","Parda","18 a 24 anos","Masculino",315012
"ceara","Parda","25 a 34 anos","Feminino",495576
"ceara","Parda","25 a 34 anos","Masculino",457143
"ceara","Parda","35 a 44 anos","Feminino",471430
"ceara","Parda","35 a 44 anos","Masculino",433515
"ceara","Parda","45 a 59 anos","Feminino",530818
"ceara","Parda","45 a 59 anos","Masculino",468215
"ceara","Parda","60 anos ou mais","Feminino",413674
"ceara","Parda","60 anos ou mais","Masculino",340507
"ceara","Preta","18 a 24 anos","Feminino",30074
"ceara","Preta","18 a 24 anos","Masculino",37255
"ceara","Preta","25 a 34 anos","Feminino",46011
"ceara","Preta","25 a 34 anos","Masculino",56695
"ceara","Preta","35 a 44 anos","Feminino",47050
"ceara","Preta","35 a 44 anos","Masculino",57291
"ceara","Preta","45 a 59 anos","Feminino",62732
"ceara","Preta","45 a 59 anos","Masculino",72539
"ceara","Preta","60 anos ou mais","Feminino",55281
"ceara","Preta","60 anos ou mais","Masculino",54290
"distrito federal","Branca","18 a 24 anos","Feminino",58863
"distrito federal","Branca","18 a 24 anos","Masculino",52800
"distrito federal","Branca","25 a 34 anos","Feminino",86565
"distrito federal","Branca","25 a 34 anos","Masculino",75120
"distrito federal","Branca","35 a 44 anos","Feminino",106573
"distrito federal","Branca","35 a 44 anos","Masculino",84872
"distrito federal","Branca","45 a 59 anos","Feminino",120356
"distrito federal","Branca","45 a 59 anos","Masculino",95561
"distrito federal","Branca","60 anos ou mais","Feminino",105747
"distrito federal","Branca","60 anos ou mais","Masculino",71222
"distrito federal","Outras","18 a 24 anos","Feminino",739
"distrito federal","Outras","18 a 24 anos","Masculino",NA
"distrito federal","Outras","25 a 34 anos","Feminino",NA
"distrito federal","Outras","25 a 34 anos","Masculino",NA
"distrito federal","Outras","35 a 44 anos","Feminino",NA
"distrito federal","Outras","35 a 44 anos","Masculino",NA
"distrito federal","Outras","45 a 59 anos","Feminino",NA
"distrito federal","Outras","45 a 59 anos","Masculino",NA
"distrito federal","Outras","60 anos ou mais","Feminino",NA
"distrito federal","Outras","60 anos ou mais","Masculino",NA
"distrito federal","Parda","18 a 24 anos","Feminino",79623
"distrito federal","Parda","18 a 24 anos","Masculino",85054
"distrito federal","Parda","25 a 34 anos","Feminino",111432
"distrito federal","Parda","25 a 34 anos","Masculino",108286
"distrito federal","Parda","35 a 44 anos","Feminino",126510
"distrito federal","Parda","35 a 44 anos","Masculino",113052
"distrito federal","Parda","45 a 59 anos","Feminino",138601
"distrito federal","Parda","45 a 59 anos","Masculino",120743
"distrito federal","Parda","60 anos ou mais","Feminino",88005
"distrito federal","Parda","60 anos ou mais","Masculino",66358
"distrito federal","Preta","18 a 24 anos","Feminino",16351
"distrito federal","Preta","18 a 24 anos","Masculino",20220
"distrito federal","Preta","25 a 34 anos","Feminino",25616
"distrito federal","Preta","25 a 34 anos","Masculino",31681
"distrito federal","Preta","35 a 44 anos","Feminino",28753
"distrito federal","Preta","35 a 44 anos","Masculino",30630
"distrito federal","Preta","45 a 59 anos","Feminino",30666
"distrito federal","Preta","45 a 59 anos","Masculino",31448
"distrito federal","Preta","60 anos ou mais","Feminino",19717
"distrito federal","Preta","60 anos ou mais","Masculino",15563
"espirito santo","Branca","18 a 24 anos","Feminino",65032
"espirito santo","Branca","18 a 24 anos","Masculino",63974
"espirito santo","Branca","25 a 34 anos","Feminino",103861
"espirito santo","Branca","25 a 34 anos","Masculino",96712
"espirito santo","Branca","35 a 44 anos","Feminino",121328
"espirito santo","Branca","35 a 44 anos","Masculino",111736
"espirito santo","Branca","45 a 59 anos","Feminino",152763
"espirito santo","Branca","45 a 59 anos","Masculino",136509
"espirito santo","Branca","60 anos ou mais","Feminino",169979
"espirito santo","Branca","60 anos ou mais","Masculino",134127
"espirito santo","Outras","18 a 24 anos","Feminino",NA
"espirito santo","Outras","18 a 24 anos","Masculino",NA
"espirito santo","Outras","25 a 34 anos","Feminino",1204
"espirito santo","Outras","25 a 34 anos","Masculino",NA
"espirito santo","Outras","35 a 44 anos","Feminino",1568
"espirito santo","Outras","35 a 44 anos","Masculino",1182
"espirito santo","Outras","45 a 59 anos","Feminino",1800
"espirito santo","Outras","45 a 59 anos","Masculino",NA
"espirito santo","Outras","60 anos ou mais","Feminino",NA
"espirito santo","Outras","60 anos ou mais","Masculino",NA
"espirito santo","Parda","18 a 24 anos","Feminino",98395
"espirito santo","Parda","18 a 24 anos","Masculino",100796
"espirito santo","Parda","25 a 34 anos","Feminino",149976
"espirito santo","Parda","25 a 34 anos","Masculino",142986
"espirito santo","Parda","35 a 44 anos","Feminino",160964
"espirito santo","Parda","35 a 44 anos","Masculino",152207
"espirito santo","Parda","45 a 59 anos","Feminino",180861
"espirito santo","Parda","45 a 59 anos","Masculino",166828
"espirito santo","Parda","60 anos ou mais","Feminino",141228
"espirito santo","Parda","60 anos ou mais","Masculino",118512
"espirito santo","Preta","18 a 24 anos","Feminino",24242
"espirito santo","Preta","18 a 24 anos","Masculino",25768
"espirito santo","Preta","25 a 34 anos","Feminino",35351
"espirito santo","Preta","25 a 34 anos","Masculino",40039
"espirito santo","Preta","35 a 44 anos","Feminino",38019
"espirito santo","Preta","35 a 44 anos","Masculino",40320
"espirito santo","Preta","45 a 59 anos","Feminino",42403
"espirito santo","Preta","45 a 59 anos","Masculino",46063
"espirito santo","Preta","60 anos ou mais","Feminino",34107
"espirito santo","Preta","60 anos ou mais","Masculino",31453
"goias","Branca","18 a 24 anos","Feminino",127532
"goias","Branca","18 a 24 anos","Masculino",121114
"goias","Branca","25 a 34 anos","Feminino",190865
"goias","Branca","25 a 34 anos","Masculino",176899
"goias","Branca","35 a 44 anos","Feminino",206397
"goias","Branca","35 a 44 anos","Masculino",184686
"goias","Branca","45 a 59 anos","Feminino",258782
"goias","Branca","45 a 59 anos","Masculino",227936
"goias","Branca","60 anos ou mais","Feminino",236153
"goias","Branca","60 anos ou mais","Masculino",192167
"goias","Outras","18 a 24 anos","Feminino",1853
"goias","Outras","18 a 24 anos","Masculino",1743
"goias","Outras","25 a 34 anos","Feminino",2607
"goias","Outras","25 a 34 anos","Masculino",1817
"goias","Outras","35 a 44 anos","Feminino",2852
"goias","Outras","35 a 44 anos","Masculino",2134
"goias","Outras","45 a 59 anos","Feminino",2788
"goias","Outras","45 a 59 anos","Masculino",2632
"goias","Outras","60 anos ou mais","Feminino",NA
"goias","Outras","60 anos ou mais","Masculino",NA
"goias","Parda","18 a 24 anos","Feminino",212146
"goias","Parda","18 a 24 anos","Masculino",217632
"goias","Parda","25 a 34 anos","Feminino",324008
"goias","Parda","25 a 34 anos","Masculino",315135
"goias","Parda","35 a 44 anos","Feminino",323554
"goias","Parda","35 a 44 anos","Masculino",308843
"goias","Parda","45 a 59 anos","Feminino",358025
"goias","Parda","45 a 59 anos","Masculino",330872
"goias","Parda","60 anos ou mais","Feminino",238505
"goias","Parda","60 anos ou mais","Masculino",209772
"goias","Preta","18 a 24 anos","Feminino",35303
"goias","Preta","18 a 24 anos","Masculino",43541
"goias","Preta","25 a 34 anos","Feminino",53054
"goias","Preta","25 a 34 anos","Masculino",63809
"goias","Preta","35 a 44 anos","Feminino",55411
"goias","Preta","35 a 44 anos","Masculino",67467
"goias","Preta","45 a 59 anos","Feminino",62597
"goias","Preta","45 a 59 anos","Masculino",70828
"goias","Preta","60 anos ou mais","Feminino",43376
"goias","Preta","60 anos ou mais","Masculino",43996
"maranhao","Branca","18 a 24 anos","Feminino",77845
"maranhao","Branca","18 a 24 anos","Masculino",74728
"maranhao","Branca","25 a 34 anos","Feminino",102457
"maranhao","Branca","25 a 34 anos","Masculino",92128
"maranhao","Branca","35 a 44 anos","Feminino",104696
"maranhao","Branca","35 a 44 anos","Masculino",95924
"maranhao","Branca","45 a 59 anos","Feminino",113418
"maranhao","Branca","45 a 59 anos","Masculino",97176
"maranhao","Branca","60 anos ou mais","Feminino",104561
"maranhao","Branca","60 anos ou mais","Masculino",80961
"maranhao","Outras","18 a 24 anos","Feminino",NA
"maranhao","Outras","18 a 24 anos","Masculino",4252
"maranhao","Outras","25 a 34 anos","Feminino",4075
"maranhao","Outras","25 a 34 anos","Masculino",4031
"maranhao","Outras","35 a 44 anos","Feminino",3683
"maranhao","Outras","35 a 44 anos","Masculino",NA
"maranhao","Outras","45 a 59 anos","Feminino",2968
"maranhao","Outras","45 a 59 anos","Masculino",NA
"maranhao","Outras","60 anos ou mais","Feminino",NA
"maranhao","Outras","60 anos ou mais","Masculino",NA
"maranhao","Parda","18 a 24 anos","Feminino",277221
"maranhao","Parda","18 a 24 anos","Masculino",276600
"maranhao","Parda","25 a 34 anos","Feminino",361761
"maranhao","Parda","25 a 34 anos","Masculino",333354
"maranhao","Parda","35 a 44 anos","Feminino",356199
"maranhao","Parda","35 a 44 anos","Masculino",329505
"maranhao","Parda","45 a 59 anos","Feminino",342964
"maranhao","Parda","45 a 59 anos","Masculino",314688
"maranhao","Parda","60 anos ou mais","Feminino",259497
"maranhao","Parda","60 anos ou mais","Masculino",235154
"maranhao","Preta","18 a 24 anos","Feminino",45848
"maranhao","Preta","18 a 24 anos","Masculino",50032
"maranhao","Preta","25 a 34 anos","Feminino",67209
"maranhao","Preta","25 a 34 anos","Masculino",74089
"maranhao","Preta","35 a 44 anos","Feminino",70780
"maranhao","Preta","35 a 44 anos","Masculino",77413
"maranhao","Preta","45 a 59 anos","Feminino",82026
"maranhao","Preta","45 a 59 anos","Masculino",84511
"maranhao","Preta","60 anos ou mais","Feminino",71403
"maranhao","Preta","60 anos ou mais","Masculino",67678
"mato grosso","Branca","18 a 24 anos","Feminino",57524
"mato grosso","Branca","18 a 24 anos","Masculino",57808
"mato grosso","Branca","25 a 34 anos","Feminino",92509
"mato grosso","Branca","25 a 34 anos","Masculino",90055
"mato grosso","Branca","35 a 44 anos","Feminino",94510
"mato grosso","Branca","35 a 44 anos","Masculino",90402
"mato grosso","Branca","45 a 59 anos","Feminino",108969
"mato grosso","Branca","45 a 59 anos","Masculino",106348
"mato grosso","Branca","60 anos ou mais","Feminino",87539
"mato grosso","Branca","60 anos ou mais","Masculino",81870
"mato grosso","Outras","18 a 24 anos","Feminino",4488
"mato grosso","Outras","18 a 24 anos","Masculino",4534
"mato grosso","Outras","25 a 34 anos","Feminino",4638
"mato grosso","Outras","25 a 34 anos","Masculino",4925
"mato grosso","Outras","35 a 44 anos","Feminino",3929
"mato grosso","Outras","35 a 44 anos","Masculino",3851
"mato grosso","Outras","45 a 59 anos","Feminino",3547
"mato grosso","Outras","45 a 59 anos","Masculino",3608
"mato grosso","Outras","60 anos ou mais","Feminino",NA
"mato grosso","Outras","60 anos ou mais","Masculino",NA
"mato grosso","Parda","18 a 24 anos","Feminino",115892
"mato grosso","Parda","18 a 24 anos","Masculino",116840
"mato grosso","Parda","25 a 34 anos","Feminino",173732
"mato grosso","Parda","25 a 34 anos","Masculino",170402
"mato grosso","Parda","35 a 44 anos","Feminino",165965
"mato grosso","Parda","35 a 44 anos","Masculino",164752
"mato grosso","Parda","45 a 59 anos","Feminino",175065
"mato grosso","Parda","45 a 59 anos","Masculino",171619
"mato grosso","Parda","60 anos ou mais","Feminino",105357
"mato grosso","Parda","60 anos ou mais","Masculino",103096
"mato grosso","Preta","18 a 24 anos","Feminino",18508
"mato grosso","Preta","18 a 24 anos","Masculino",21890
"mato grosso","Preta","25 a 34 anos","Feminino",30352
"mato grosso","Preta","25 a 34 anos","Masculino",37755
"mato grosso","Preta","35 a 44 anos","Feminino",30444
"mato grosso","Preta","35 a 44 anos","Masculino",37907
"mato grosso","Preta","45 a 59 anos","Feminino",33223
"mato grosso","Preta","45 a 59 anos","Masculino",40001
"mato grosso","Preta","60 anos ou mais","Feminino",22023
"mato grosso","Preta","60 anos ou mais","Masculino",24380
"mato grosso do sul","Branca","18 a 24 anos","Feminino",53970
"mato grosso do sul","Branca","18 a 24 anos","Masculino",53414
"mato grosso do sul","Branca","25 a 34 anos","Feminino",87226
"mato grosso do sul","Branca","25 a 34 anos","Masculino",83131
"mato grosso do sul","Branca","35 a 44 anos","Feminino",92783
"mato grosso do sul","Branca","35 a 44 anos","Masculino",84547
"mato grosso do sul","Branca","45 a 59 anos","Feminino",113012
"mato grosso do sul","Branca","45 a 59 anos","Masculino",99100
"mato grosso do sul","Branca","60 anos ou mais","Feminino",103812
"mato grosso do sul","Branca","60 anos ou mais","Masculino",84883
"mato grosso do sul","Outras","18 a 24 anos","Feminino",8080
"mato grosso do sul","Outras","18 a 24 anos","Masculino",7831
"mato grosso do sul","Outras","25 a 34 anos","Feminino",9173
"mato grosso do sul","Outras","25 a 34 anos","Masculino",8329
"mato grosso do sul","Outras","35 a 44 anos","Feminino",7223
"mato grosso do sul","Outras","35 a 44 anos","Masculino",7093
"mato grosso do sul","Outras","45 a 59 anos","Feminino",6965
"mato grosso do sul","Outras","45 a 59 anos","Masculino",6766
"mato grosso do sul","Outras","60 anos ou mais","Feminino",NA
"mato grosso do sul","Outras","60 anos ou mais","Masculino",5781
"mato grosso do sul","Parda","18 a 24 anos","Feminino",70387
"mato grosso do sul","Parda","18 a 24 anos","Masculino",70743
"mato grosso do sul","Parda","25 a 34 anos","Feminino",105708
"mato grosso do sul","Parda","25 a 34 anos","Masculino",102545
"mato grosso do sul","Parda","35 a 44 anos","Feminino",102411
"mato grosso do sul","Parda","35 a 44 anos","Masculino",99117
"mato grosso do sul","Parda","45 a 59 anos","Feminino",119243
"mato grosso do sul","Parda","45 a 59 anos","Masculino",114253
"mato grosso do sul","Parda","60 anos ou mais","Feminino",86459
"mato grosso do sul","Parda","60 anos ou mais","Masculino",77775
"mato grosso do sul","Preta","18 a 24 anos","Feminino",8838
"mato grosso do sul","Preta","18 a 24 anos","Masculino",11398
"mato grosso do sul","Preta","25 a 34 anos","Feminino",14935
"mato grosso do sul","Preta","25 a 34 anos","Masculino",17834
"mato grosso do sul","Preta","35 a 44 anos","Feminino",15175
"mato grosso do sul","Preta","35 a 44 anos","Masculino",18651
"mato grosso do sul","Preta","45 a 59 anos","Feminino",18115
"mato grosso do sul","Preta","45 a 59 anos","Masculino",20206
"mato grosso do sul","Preta","60 anos ou mais","Feminino",14278
"mato grosso do sul","Preta","60 anos ou mais","Masculino",13247
"minas gerais","Branca","18 a 24 anos","Feminino",385924
"minas gerais","Branca","18 a 24 anos","Masculino",376775
"minas gerais","Branca","25 a 34 anos","Feminino",593770
"minas gerais","Branca","25 a 34 anos","Masculino",561262
"minas gerais","Branca","35 a 44 anos","Feminino",658096
"minas gerais","Branca","35 a 44 anos","Masculino",590144
"minas gerais","Branca","45 a 59 anos","Feminino",895197
"minas gerais","Branca","45 a 59 anos","Masculino",778529
"minas gerais","Branca","60 anos ou mais","Feminino",996551
"minas gerais","Branca","60 anos ou mais","Masculino",786186
"minas gerais","Outras","18 a 24 anos","Feminino",3470
"minas gerais","Outras","18 a 24 anos","Masculino",3473
"minas gerais","Outras","25 a 34 anos","Feminino",5192
"minas gerais","Outras","25 a 34 anos","Masculino",4163
"minas gerais","Outras","35 a 44 anos","Feminino",5146
"minas gerais","Outras","35 a 44 anos","Masculino",4621
"minas gerais","Outras","45 a 59 anos","Feminino",6166
"minas gerais","Outras","45 a 59 anos","Masculino",5476
"minas gerais","Outras","60 anos ou mais","Feminino",NA
"minas gerais","Outras","60 anos ou mais","Masculino",NA
"minas gerais","Parda","18 a 24 anos","Feminino",512638
"minas gerais","Parda","18 a 24 anos","Masculino",527391
"minas gerais","Parda","25 a 34 anos","Feminino",750527
"minas gerais","Parda","25 a 34 anos","Masculino",736506
"minas gerais","Parda","35 a 44 anos","Feminino",771259
"minas gerais","Parda","35 a 44 anos","Masculino",748064
"minas gerais","Parda","45 a 59 anos","Feminino",926124
"minas gerais","Parda","45 a 59 anos","Masculino",872141
"minas gerais","Parda","60 anos ou mais","Feminino",785068
"minas gerais","Parda","60 anos ou mais","Masculino",672728
"minas gerais","Preta","18 a 24 anos","Feminino",129044
"minas gerais","Preta","18 a 24 anos","Masculino",139705
"minas gerais","Preta","25 a 34 anos","Feminino",200139
"minas gerais","Preta","25 a 34 anos","Masculino",218834
"minas gerais","Preta","35 a 44 anos","Feminino",206077
"minas gerais","Preta","35 a 44 anos","Masculino",226367
"minas gerais","Preta","45 a 59 anos","Feminino",248944
"minas gerais","Preta","45 a 59 anos","Masculino",258970
"minas gerais","Preta","60 anos ou mais","Feminino",221882
"minas gerais","Preta","60 anos ou mais","Masculino",194344
"para","Branca","18 a 24 anos","Feminino",93979
"para","Branca","18 a 24 anos","Masculino",92028
"para","Branca","25 a 34 anos","Feminino",119579
"para","Branca","25 a 34 anos","Masculino",111854
"para","Branca","35 a 44 anos","Feminino",121986
"para","Branca","35 a 44 anos","Masculino",108785
"para","Branca","45 a 59 anos","Feminino",126410
"para","Branca","45 a 59 anos","Masculino",113660
"para","Branca","60 anos ou mais","Feminino",105429
"para","Branca","60 anos ou mais","Masculino",86360
"para","Outras","18 a 24 anos","Feminino",5678
"para","Outras","18 a 24 anos","Masculino",5623
"para","Outras","25 a 34 anos","Feminino",6296
"para","Outras","25 a 34 anos","Masculino",5825
"para","Outras","35 a 44 anos","Feminino",4745
"para","Outras","35 a 44 anos","Masculino",4660
"para","Outras","45 a 59 anos","Feminino",4071
"para","Outras","45 a 59 anos","Masculino",4339
"para","Outras","60 anos ou mais","Feminino",NA
"para","Outras","60 anos ou mais","Masculino",NA
"para","Parda","18 a 24 anos","Feminino",345777
"para","Parda","18 a 24 anos","Masculino",349780
"para","Parda","25 a 34 anos","Feminino",474444
"para","Parda","25 a 34 anos","Masculino",446845
"para","Parda","35 a 44 anos","Feminino",445679
"para","Parda","35 a 44 anos","Masculino",429024
"para","Parda","45 a 59 anos","Feminino",433899
"para","Parda","45 a 59 anos","Masculino",425736
"para","Parda","60 anos ou mais","Feminino",298150
"para","Parda","60 anos ou mais","Masculino",277902
"para","Preta","18 a 24 anos","Feminino",44360
"para","Preta","18 a 24 anos","Masculino",53294
"para","Preta","25 a 34 anos","Feminino",63393
"para","Preta","25 a 34 anos","Masculino",76719
"para","Preta","35 a 44 anos","Feminino",61530
"para","Preta","35 a 44 anos","Masculino",77978
"para","Preta","45 a 59 anos","Feminino",64764
"para","Preta","45 a 59 anos","Masculino",81394
"para","Preta","60 anos ou mais","Feminino",48696
"para","Preta","60 anos ou mais","Masculino",54346
"paraiba","Branca","18 a 24 anos","Feminino",70046
"paraiba","Branca","18 a 24 anos","Masculino",71070
"paraiba","Branca","25 a 34 anos","Feminino",99435
"paraiba","Branca","25 a 34 anos","Masculino",94232
"paraiba","Branca","35 a 44 anos","Feminino",109637
"paraiba","Branca","35 a 44 anos","Masculino",97459
"paraiba","Branca","45 a 59 anos","Feminino",136414
"paraiba","Branca","45 a 59 anos","Masculino",114087
"paraiba","Branca","60 anos ou mais","Feminino",144275
"paraiba","Branca","60 anos ou mais","Masculino",100762
"paraiba","Outras","18 a 24 anos","Feminino",NA
"paraiba","Outras","18 a 24 anos","Masculino",1845
"paraiba","Outras","25 a 34 anos","Feminino",2448
"paraiba","Outras","25 a 34 anos","Masculino",2314
"paraiba","Outras","35 a 44 anos","Feminino",2598
"paraiba","Outras","35 a 44 anos","Masculino",NA
"paraiba","Outras","45 a 59 anos","Feminino",2793
"paraiba","Outras","45 a 59 anos","Masculino",NA
"paraiba","Outras","60 anos ou mais","Feminino",NA
"paraiba","Outras","60 anos ou mais","Masculino",NA
"paraiba","Parda","18 a 24 anos","Feminino",120070
"paraiba","Parda","18 a 24 anos","Masculino",119401
"paraiba","Parda","25 a 34 anos","Feminino",179656
"paraiba","Parda","25 a 34 anos","Masculino",164250
"paraiba","Parda","35 a 44 anos","Feminino",183348
"paraiba","Parda","35 a 44 anos","Masculino",167799
"paraiba","Parda","45 a 59 anos","Feminino",209941
"paraiba","Parda","45 a 59 anos","Masculino",188127
"paraiba","Parda","60 anos ou mais","Feminino",171456
"paraiba","Parda","60 anos ou mais","Masculino",137364
"paraiba","Preta","18 a 24 anos","Feminino",16059
"paraiba","Preta","18 a 24 anos","Masculino",18239
"paraiba","Preta","25 a 34 anos","Feminino",23425
"paraiba","Preta","25 a 34 anos","Masculino",26974
"paraiba","Preta","35 a 44 anos","Feminino",25439
"paraiba","Preta","35 a 44 anos","Masculino",29543
"paraiba","Preta","45 a 59 anos","Feminino",33390
"paraiba","Preta","45 a 59 anos","Masculino",36617
"paraiba","Preta","60 anos ou mais","Feminino",30114
"paraiba","Preta","60 anos ou mais","Masculino",27926
"parana","Branca","18 a 24 anos","Feminino",351610
"parana","Branca","18 a 24 anos","Masculino",344203
"parana","Branca","25 a 34 anos","Feminino",555293
"parana","Branca","25 a 34 anos","Masculino",526257
"parana","Branca","35 a 44 anos","Feminino",581654
"parana","Branca","35 a 44 anos","Masculino",526884
"parana","Branca","45 a 59 anos","Feminino",772138
"parana","Branca","45 a 59 anos","Masculino",677377
"parana","Branca","60 anos ou mais","Feminino",737483
"parana","Branca","60 anos ou mais","Masculino",575739
"parana","Outras","18 a 24 anos","Feminino",6144
"parana","Outras","18 a 24 anos","Masculino",6001
"parana","Outras","25 a 34 anos","Feminino",8416
"parana","Outras","25 a 34 anos","Masculino",7873
"parana","Outras","35 a 44 anos","Feminino",9080
"parana","Outras","35 a 44 anos","Masculino",9325
"parana","Outras","45 a 59 anos","Feminino",12999
"parana","Outras","45 a 59 anos","Masculino",11900
"parana","Outras","60 anos ou mais","Feminino",NA
"parana","Outras","60 anos ou mais","Masculino",NA
"parana","Parda","18 a 24 anos","Feminino",189159
"parana","Parda","18 a 24 anos","Masculino",202465
"parana","Parda","25 a 34 anos","Feminino",283472
"parana","Parda","25 a 34 anos","Masculino",289044
"parana","Parda","35 a 44 anos","Feminino",262718
"parana","Parda","35 a 44 anos","Masculino",267700
"parana","Parda","45 a 59 anos","Feminino",331128
"parana","Parda","45 a 59 anos","Masculino",323321
"parana","Parda","60 anos ou mais","Feminino",248677
"parana","Parda","60 anos ou mais","Masculino",218828
"parana","Preta","18 a 24 anos","Feminino",21432
"parana","Preta","18 a 24 anos","Masculino",28055
"parana","Preta","25 a 34 anos","Feminino",39844
"parana","Preta","25 a 34 anos","Masculino",47370
"parana","Preta","35 a 44 anos","Feminino",40420
"parana","Preta","35 a 44 anos","Masculino",49624
"parana","Preta","45 a 59 anos","Feminino",52320
"parana","Preta","45 a 59 anos","Masculino",58032
"parana","Preta","60 anos ou mais","Feminino",42749
"parana","Preta","60 anos ou mais","Masculino",39594
"pernambuco","Branca","18 a 24 anos","Feminino",156764
"pernambuco","Branca","18 a 24 anos","Masculino",151716
"pernambuco","Branca","25 a 34 anos","Feminino",223083
"pernambuco","Branca","25 a 34 anos","Masculino",202221
"pernambuco","Branca","35 a 44 anos","Feminino",242901
"pernambuco","Branca","35 a 44 anos","Masculino",206837
"pernambuco","Branca","45 a 59 anos","Feminino",306094
"pernambuco","Branca","45 a 59 anos","Masculino",240587
"pernambuco","Branca","60 anos ou mais","Feminino",303252
"pernambuco","Branca","60 anos ou mais","Masculino",204403
"pernambuco","Outras","18 a 24 anos","Feminino",6324
"pernambuco","Outras","18 a 24 anos","Masculino",6137
"pernambuco","Outras","25 a 34 anos","Feminino",7878
"pernambuco","Outras","25 a 34 anos","Masculino",7067
"pernambuco","Outras","35 a 44 anos","Feminino",7410
"pernambuco","Outras","35 a 44 anos","Masculino",6834
"pernambuco","Outras","45 a 59 anos","Feminino",8512
"pernambuco","Outras","45 a 59 anos","Masculino",7424
"pernambuco","Outras","60 anos ou mais","Feminino",NA
"pernambuco","Outras","60 anos ou mais","Masculino",NA
"pernambuco","Parda","18 a 24 anos","Feminino",282229
"pernambuco","Parda","18 a 24 anos","Masculino",280447
"pernambuco","Parda","25 a 34 anos","Feminino",406834
"pernambuco","Parda","25 a 34 anos","Masculino",367531
"pernambuco","Parda","35 a 44 anos","Feminino",416277
"pernambuco","Parda","35 a 44 anos","Masculino",371049
"pernambuco","Parda","45 a 59 anos","Feminino",481251
"pernambuco","Parda","45 a 59 anos","Masculino",414779
"pernambuco","Parda","60 anos ou mais","Feminino",376281
"pernambuco","Parda","60 anos ou mais","Masculino",287251
"pernambuco","Preta","18 a 24 anos","Feminino",48567
"pernambuco","Preta","18 a 24 anos","Masculino",56618
"pernambuco","Preta","25 a 34 anos","Feminino",71420
"pernambuco","Preta","25 a 34 anos","Masculino",77969
"pernambuco","Preta","35 a 44 anos","Feminino",74888
"pernambuco","Preta","35 a 44 anos","Masculino",82607
"pernambuco","Preta","45 a 59 anos","Feminino",97595
"pernambuco","Preta","45 a 59 anos","Masculino",99028
"pernambuco","Preta","60 anos ou mais","Feminino",82496
"pernambuco","Preta","60 anos ou mais","Masculino",69268
"piaui","Branca","18 a 24 anos","Feminino",40045
"piaui","Branca","18 a 24 anos","Masculino",38391
"piaui","Branca","25 a 34 anos","Feminino",53414
"piaui","Branca","25 a 34 anos","Masculino",51474
"piaui","Branca","35 a 44 anos","Feminino",56595
"piaui","Branca","35 a 44 anos","Masculino",50212
"piaui","Branca","45 a 59 anos","Feminino",65513
"piaui","Branca","45 a 59 anos","Masculino",57992
"piaui","Branca","60 anos ou mais","Feminino",67047
"piaui","Branca","60 anos ou mais","Masculino",51794
"piaui","Outras","18 a 24 anos","Feminino",708
"piaui","Outras","18 a 24 anos","Masculino",559
"piaui","Outras","25 a 34 anos","Feminino",NA
"piaui","Outras","25 a 34 anos","Masculino",NA
"piaui","Outras","35 a 44 anos","Feminino",825
"piaui","Outras","35 a 44 anos","Masculino",NA
"piaui","Outras","45 a 59 anos","Feminino",NA
"piaui","Outras","45 a 59 anos","Masculino",NA
"piaui","Outras","60 anos ou mais","Feminino",NA
"piaui","Outras","60 anos ou mais","Masculino",NA
"piaui","Parda","18 a 24 anos","Feminino",117340
"piaui","Parda","18 a 24 anos","Masculino",117642
"piaui","Parda","25 a 34 anos","Feminino",165996
"piaui","Parda","25 a 34 anos","Masculino",153824
"piaui","Parda","35 a 44 anos","Feminino",174573
"piaui","Parda","35 a 44 anos","Masculino",161474
"piaui","Parda","45 a 59 anos","Feminino",193492
"piaui","Parda","45 a 59 anos","Masculino",173974
"piaui","Parda","60 anos ou mais","Feminino",163883
"piaui","Parda","60 anos ou mais","Masculino",138327
"piaui","Preta","18 a 24 anos","Feminino",20392
"piaui","Preta","18 a 24 anos","Masculino",24840
"piaui","Preta","25 a 34 anos","Feminino",28251
"piaui","Preta","25 a 34 anos","Masculino",33993
"piaui","Preta","35 a 44 anos","Feminino",32032
"piaui","Preta","35 a 44 anos","Masculino",37965
"piaui","Preta","45 a 59 anos","Feminino",40644
"piaui","Preta","45 a 59 anos","Masculino",43440
"piaui","Preta","60 anos ou mais","Feminino",36941
"piaui","Preta","60 anos ou mais","Masculino",33803
"rio de janeiro","Branca","18 a 24 anos","Feminino",301025
"rio de janeiro","Branca","18 a 24 anos","Masculino",286344
"rio de janeiro","Branca","25 a 34 anos","Feminino",478710
"rio de janeiro","Branca","25 a 34 anos","Masculino",421048
"rio de janeiro","Branca","35 a 44 anos","Feminino",541424
"rio de janeiro","Branca","35 a 44 anos","Masculino",458618
"rio de janeiro","Branca","45 a 59 anos","Feminino",742450
"rio de janeiro","Branca","45 a 59 anos","Masculino",592960
"rio de janeiro","Branca","60 anos ou mais","Feminino",907155
"rio de janeiro","Branca","60 anos ou mais","Masculino",619301
"rio de janeiro","Outras","18 a 24 anos","Feminino",1802
"rio de janeiro","Outras","18 a 24 anos","Masculino",1263
"rio de janeiro","Outras","25 a 34 anos","Feminino",2676
"rio de janeiro","Outras","25 a 34 anos","Masculino",2408
"rio de janeiro","Outras","35 a 44 anos","Feminino",3937
"rio de janeiro","Outras","35 a 44 anos","Masculino",3308
"rio de janeiro","Outras","45 a 59 anos","Feminino",4320
"rio de janeiro","Outras","45 a 59 anos","Masculino",3574
"rio de janeiro","Outras","60 anos ou mais","Feminino",5120
"rio de janeiro","Outras","60 anos ou mais","Masculino",NA
"rio de janeiro","Parda","18 a 24 anos","Feminino",335353
"rio de janeiro","Parda","18 a 24 anos","Masculino",346140
"rio de janeiro","Parda","25 a 34 anos","Feminino",506163
"rio de janeiro","Parda","25 a 34 anos","Masculino",473129
"rio de janeiro","Parda","35 a 44 anos","Feminino",540028
"rio de janeiro","Parda","35 a 44 anos","Masculino",505652
"rio de janeiro","Parda","45 a 59 anos","Feminino",676589
"rio de janeiro","Parda","45 a 59 anos","Masculino",621880
"rio de janeiro","Parda","60 anos ou mais","Feminino",599513
"rio de janeiro","Parda","60 anos ou mais","Masculino",466087
"rio de janeiro","Preta","18 a 24 anos","Feminino",139568
"rio de janeiro","Preta","18 a 24 anos","Masculino",144904
"rio de janeiro","Preta","25 a 34 anos","Feminino",218526
"rio de janeiro","Preta","25 a 34 anos","Masculino",215675
"rio de janeiro","Preta","35 a 44 anos","Feminino",228194
"rio de janeiro","Preta","35 a 44 anos","Masculino",213370
"rio de janeiro","Preta","45 a 59 anos","Feminino",278591
"rio de janeiro","Preta","45 a 59 anos","Masculino",251021
"rio de janeiro","Preta","60 anos ou mais","Feminino",261647
"rio de janeiro","Preta","60 anos ou mais","Masculino",179499
"rio grande do norte","Branca","18 a 24 anos","Feminino",66096
"rio grande do norte","Branca","18 a 24 anos","Masculino",66057
"rio grande do norte","Branca","25 a 34 anos","Feminino",98729
"rio grande do norte","Branca","25 a 34 anos","Masculino",91316
"rio grande do norte","Branca","35 a 44 anos","Feminino",104533
"rio grande do norte","Branca","35 a 44 anos","Masculino",92445
"rio grande do norte","Branca","45 a 59 anos","Feminino",126285
"rio grande do norte","Branca","45 a 59 anos","Masculino",104301
"rio grande do norte","Branca","60 anos ou mais","Feminino",121759
"rio grande do norte","Branca","60 anos ou mais","Masculino",84957
"rio grande do norte","Outras","18 a 24 anos","Feminino",892
"rio grande do norte","Outras","18 a 24 anos","Masculino",NA
"rio grande do norte","Outras","25 a 34 anos","Feminino",1206
"rio grande do norte","Outras","25 a 34 anos","Masculino",1330
"rio grande do norte","Outras","35 a 44 anos","Feminino",1238
"rio grande do norte","Outras","35 a 44 anos","Masculino",1035
"rio grande do norte","Outras","45 a 59 anos","Feminino",1585
"rio grande do norte","Outras","45 a 59 anos","Masculino",1166
"rio grande do norte","Outras","60 anos ou mais","Feminino",NA
"rio grande do norte","Outras","60 anos ou mais","Masculino",NA
"rio grande do norte","Parda","18 a 24 anos","Feminino",90901
"rio grande do norte","Parda","18 a 24 anos","Masculino",94202
"rio grande do norte","Parda","25 a 34 anos","Feminino",139585
"rio grande do norte","Parda","25 a 34 anos","Masculino",127696
"rio grande do norte","Parda","35 a 44 anos","Feminino",141752
"rio grande do norte","Parda","35 a 44 anos","Masculino",130088
"rio grande do norte","Parda","45 a 59 anos","Feminino",162964
"rio grande do norte","Parda","45 a 59 anos","Masculino",147016
"rio grande do norte","Parda","60 anos ou mais","Feminino",127242
"rio grande do norte","Parda","60 anos ou mais","Masculino",105124
"rio grande do norte","Preta","18 a 24 anos","Feminino",14582
"rio grande do norte","Preta","18 a 24 anos","Masculino",16356
"rio grande do norte","Preta","25 a 34 anos","Feminino",23148
"rio grande do norte","Preta","25 a 34 anos","Masculino",27972
"rio grande do norte","Preta","35 a 44 anos","Feminino",25279
"rio grande do norte","Preta","35 a 44 anos","Masculino",30564
"rio grande do norte","Preta","45 a 59 anos","Feminino",32024
"rio grande do norte","Preta","45 a 59 anos","Masculino",36357
"rio grande do norte","Preta","60 anos ou mais","Feminino",29119
"rio grande do norte","Preta","60 anos ou mais","Masculino",28369
"rio grande do sul","Branca","18 a 24 anos","Feminino",377916
"rio grande do sul","Branca","18 a 24 anos","Masculino",375101
"rio grande do sul","Branca","25 a 34 anos","Feminino",608941
"rio grande do sul","Branca","25 a 34 anos","Masculino",576182
"rio grande do sul","Branca","35 a 44 anos","Feminino",661627
"rio grande do sul","Branca","35 a 44 anos","Masculino",618786
"rio grande do sul","Branca","45 a 59 anos","Feminino",895033
"rio grande do sul","Branca","45 a 59 anos","Masculino",804686
"rio grande do sul","Branca","60 anos ou mais","Feminino",1038110
"rio grande do sul","Branca","60 anos ou mais","Masculino",804909
"rio grande do sul","Outras","18 a 24 anos","Feminino",2960
"rio grande do sul","Outras","18 a 24 anos","Masculino",NA
"rio grande do sul","Outras","25 a 34 anos","Feminino",3354
"rio grande do sul","Outras","25 a 34 anos","Masculino",3407
"rio grande do sul","Outras","35 a 44 anos","Feminino",2864
"rio grande do sul","Outras","35 a 44 anos","Masculino",2994
"rio grande do sul","Outras","45 a 59 anos","Feminino",2924
"rio grande do sul","Outras","45 a 59 anos","Masculino",NA
"rio grande do sul","Outras","60 anos ou mais","Feminino",NA
"rio grande do sul","Outras","60 anos ou mais","Masculino",NA
"rio grande do sul","Parda","18 a 24 anos","Feminino",89714
"rio grande do sul","Parda","18 a 24 anos","Masculino",97814
"rio grande do sul","Parda","25 a 34 anos","Feminino",124567
"rio grande do sul","Parda","25 a 34 anos","Masculino",130445
"rio grande do sul","Parda","35 a 44 anos","Feminino",117714
"rio grande do sul","Parda","35 a 44 anos","Masculino",123444
"rio grande do sul","Parda","45 a 59 anos","Feminino",144901
"rio grande do sul","Parda","45 a 59 anos","Masculino",146033
"rio grande do sul","Parda","60 anos ou mais","Feminino",124472
"rio grande do sul","Parda","60 anos ou mais","Masculino",108540
"rio grande do sul","Preta","18 a 24 anos","Feminino",38376
"rio grande do sul","Preta","18 a 24 anos","Masculino",41049
"rio grande do sul","Preta","25 a 34 anos","Feminino",61370
"rio grande do sul","Preta","25 a 34 anos","Masculino",62395
"rio grande do sul","Preta","35 a 44 anos","Feminino",60763
"rio grande do sul","Preta","35 a 44 anos","Masculino",58042
"rio grande do sul","Preta","45 a 59 anos","Feminino",73249
"rio grande do sul","Preta","45 a 59 anos","Masculino",67782
"rio grande do sul","Preta","60 anos ou mais","Feminino",65875
"rio grande do sul","Preta","60 anos ou mais","Masculino",47648
"rondonia","Branca","18 a 24 anos","Feminino",24337
"rondonia","Branca","18 a 24 anos","Masculino",23556
"rondonia","Branca","25 a 34 anos","Feminino",36059
"rondonia","Branca","25 a 34 anos","Masculino",34426
"rondonia","Branca","35 a 44 anos","Feminino",38764
"rondonia","Branca","35 a 44 anos","Masculino",35063
"rondonia","Branca","45 a 59 anos","Feminino",46618
"rondonia","Branca","45 a 59 anos","Masculino",43795
"rondonia","Branca","60 anos ou mais","Feminino",36873
"rondonia","Branca","60 anos ou mais","Masculino",34243
"rondonia","Outras","18 a 24 anos","Feminino",1382
"rondonia","Outras","18 a 24 anos","Masculino",1475
"rondonia","Outras","25 a 34 anos","Feminino",1602
"rondonia","Outras","25 a 34 anos","Masculino",1778
"rondonia","Outras","35 a 44 anos","Feminino",1344
"rondonia","Outras","35 a 44 anos","Masculino",1225
"rondonia","Outras","45 a 59 anos","Feminino",1517
"rondonia","Outras","45 a 59 anos","Masculino",NA
"rondonia","Outras","60 anos ou mais","Feminino",NA
"rondonia","Outras","60 anos ou mais","Masculino",NA
"rondonia","Parda","18 a 24 anos","Feminino",52825
"rondonia","Parda","18 a 24 anos","Masculino",53435
"rondonia","Parda","25 a 34 anos","Feminino",78537
"rondonia","Parda","25 a 34 anos","Masculino",74238
"rondonia","Parda","35 a 44 anos","Feminino",77772
"rondonia","Parda","35 a 44 anos","Masculino",72284
"rondonia","Parda","45 a 59 anos","Feminino",83097
"rondonia","Parda","45 a 59 anos","Masculino",79889
"rondonia","Parda","60 anos ou mais","Feminino",50695
"rondonia","Parda","60 anos ou mais","Masculino",51866
"rondonia","Preta","18 a 24 anos","Feminino",6492
"rondonia","Preta","18 a 24 anos","Masculino",8006
"rondonia","Preta","25 a 34 anos","Feminino",11599
"rondonia","Preta","25 a 34 anos","Masculino",13556
"rondonia","Preta","35 a 44 anos","Feminino",11053
"rondonia","Preta","35 a 44 anos","Masculino",14293
"rondonia","Preta","45 a 59 anos","Feminino",13901
"rondonia","Preta","45 a 59 anos","Masculino",17374
"rondonia","Preta","60 anos ou mais","Feminino",NA
"rondonia","Preta","60 anos ou mais","Masculino",NA
"roraima","Branca","18 a 24 anos","Feminino",7522
"roraima","Branca","18 a 24 anos","Masculino",7465
"roraima","Branca","25 a 34 anos","Feminino",11533
"roraima","Branca","25 a 34 anos","Masculino",9932
"roraima","Branca","35 a 44 anos","Feminino",9989
"roraima","Branca","35 a 44 anos","Masculino",9101
"roraima","Branca","45 a 59 anos","Feminino",9315
"roraima","Branca","45 a 59 anos","Masculino",8808
"roraima","Branca","60 anos ou mais","Feminino",6164
"roraima","Branca","60 anos ou mais","Masculino",6048
"roraima","Outras","18 a 24 anos","Feminino",NA
"roraima","Outras","18 a 24 anos","Masculino",NA
"roraima","Outras","25 a 34 anos","Feminino",NA
"roraima","Outras","25 a 34 anos","Masculino",NA
"roraima","Outras","35 a 44 anos","Feminino",NA
"roraima","Outras","35 a 44 anos","Masculino",NA
"roraima","Outras","45 a 59 anos","Feminino",NA
"roraima","Outras","45 a 59 anos","Masculino",NA
"roraima","Outras","60 anos ou mais","Feminino",NA
"roraima","Outras","60 anos ou mais","Masculino",NA
"roraima","Parda","18 a 24 anos","Feminino",23893
"roraima","Parda","18 a 24 anos","Masculino",23445
"roraima","Parda","25 a 34 anos","Feminino",31414
"roraima","Parda","25 a 34 anos","Masculino",31028
"roraima","Parda","35 a 44 anos","Feminino",28932
"roraima","Parda","35 a 44 anos","Masculino",27175
"roraima","Parda","45 a 59 anos","Feminino",26338
"roraima","Parda","45 a 59 anos","Masculino",25027
"roraima","Parda","60 anos ou mais","Feminino",13853
"roraima","Parda","60 anos ou mais","Masculino",13961
"roraima","Preta","18 a 24 anos","Feminino",2599
"roraima","Preta","18 a 24 anos","Masculino",3536
"roraima","Preta","25 a 34 anos","Feminino",3998
"roraima","Preta","25 a 34 anos","Masculino",5285
"roraima","Preta","35 a 44 anos","Feminino",3771
"roraima","Preta","35 a 44 anos","Masculino",4943
"roraima","Preta","45 a 59 anos","Feminino",3496
"roraima","Preta","45 a 59 anos","Masculino",5124
"roraima","Preta","60 anos ou mais","Feminino",2347
"roraima","Preta","60 anos ou mais","Masculino",NA
"santa catarina","Branca","18 a 24 anos","Feminino",272663
"santa catarina","Branca","18 a 24 anos","Masculino",270080
"santa catarina","Branca","25 a 34 anos","Feminino",462245
"santa catarina","Branca","25 a 34 anos","Masculino",446986
"santa catarina","Branca","35 a 44 anos","Feminino",477168
"santa catarina","Branca","35 a 44 anos","Masculino",454363
"santa catarina","Branca","45 a 59 anos","Feminino",600139
"santa catarina","Branca","45 a 59 anos","Masculino",546815
"santa catarina","Branca","60 anos ou mais","Feminino",561149
"santa catarina","Branca","60 anos ou mais","Masculino",454780
"santa catarina","Outras","18 a 24 anos","Feminino",2168
"santa catarina","Outras","18 a 24 anos","Masculino",2576
"santa catarina","Outras","25 a 34 anos","Feminino",2929
"santa catarina","Outras","25 a 34 anos","Masculino",2776
"santa catarina","Outras","35 a 44 anos","Feminino",2546
"santa catarina","Outras","35 a 44 anos","Masculino",2698
"santa catarina","Outras","45 a 59 anos","Feminino",2467
"santa catarina","Outras","45 a 59 anos","Masculino",2557
"santa catarina","Outras","60 anos ou mais","Feminino",NA
"santa catarina","Outras","60 anos ou mais","Masculino",NA
"santa catarina","Parda","18 a 24 anos","Feminino",88508
"santa catarina","Parda","18 a 24 anos","Masculino",97778
"santa catarina","Parda","25 a 34 anos","Feminino",129272
"santa catarina","Parda","25 a 34 anos","Masculino",143889
"santa catarina","Parda","35 a 44 anos","Feminino",115240
"santa catarina","Parda","35 a 44 anos","Masculino",124212
"santa catarina","Parda","45 a 59 anos","Feminino",120152
"santa catarina","Parda","45 a 59 anos","Masculino",122018
"santa catarina","Parda","60 anos ou mais","Feminino",71770
"santa catarina","Parda","60 anos ou mais","Masculino",67004
"santa catarina","Preta","18 a 24 anos","Feminino",16772
"santa catarina","Preta","18 a 24 anos","Masculino",21581
"santa catarina","Preta","25 a 34 anos","Feminino",30556
"santa catarina","Preta","25 a 34 anos","Masculino",37969
"santa catarina","Preta","35 a 44 anos","Feminino",27510
"santa catarina","Preta","35 a 44 anos","Masculino",32800
"santa catarina","Preta","45 a 59 anos","Feminino",25269
"santa catarina","Preta","45 a 59 anos","Masculino",28573
"santa catarina","Preta","60 anos ou mais","Feminino",18081
"santa catarina","Preta","60 anos ou mais","Masculino",14727
"sao paulo","Branca","18 a 24 anos","Feminino",1154386
"sao paulo","Branca","18 a 24 anos","Masculino",1131318
"sao paulo","Branca","25 a 34 anos","Feminino",1877175
"sao paulo","Branca","25 a 34 anos","Masculino",1745401
"sao paulo","Branca","35 a 44 anos","Feminino",2157874
"sao paulo","Branca","35 a 44 anos","Masculino",1896936
"sao paulo","Branca","45 a 59 anos","Feminino",2730286
"sao paulo","Branca","45 a 59 anos","Masculino",2311083
"sao paulo","Branca","60 anos ou mais","Feminino",2917272
"sao paulo","Branca","60 anos ou mais","Masculino",2135004
"sao paulo","Outras","18 a 24 anos","Feminino",20043
"sao paulo","Outras","18 a 24 anos","Masculino",20096
"sao paulo","Outras","25 a 34 anos","Feminino",34294
"sao paulo","Outras","25 a 34 anos","Masculino",33538
"sao paulo","Outras","35 a 44 anos","Feminino",44235
"sao paulo","Outras","35 a 44 anos","Masculino",43506
"sao paulo","Outras","45 a 59 anos","Feminino",61756
"sao paulo","Outras","45 a 59 anos","Masculino",55783
"sao paulo","Outras","60 anos ou mais","Feminino",99058
"sao paulo","Outras","60 anos ou mais","Masculino",79278
"sao paulo","Parda","18 a 24 anos","Feminino",773946
"sao paulo","Parda","18 a 24 anos","Masculino",840278
"sao paulo","Parda","25 a 34 anos","Feminino",1169892
"sao paulo","Parda","25 a 34 anos","Masculino",1195726
"sao paulo","Parda","35 a 44 anos","Feminino",1234437
"sao paulo","Parda","35 a 44 anos","Masculino",1219960
"sao paulo","Parda","45 a 59 anos","Feminino",1434075
"sao paulo","Parda","45 a 59 anos","Masculino",1350559
"sao paulo","Parda","60 anos ou mais","Feminino",1066083
"sao paulo","Parda","60 anos ou mais","Masculino",866821
"sao paulo","Preta","18 a 24 anos","Feminino",183787
"sao paulo","Preta","18 a 24 anos","Masculino",215448
"sao paulo","Preta","25 a 34 anos","Feminino",296787
"sao paulo","Preta","25 a 34 anos","Masculino",343211
"sao paulo","Preta","35 a 44 anos","Feminino",325736
"sao paulo","Preta","35 a 44 anos","Masculino",353345
"sao paulo","Preta","45 a 59 anos","Feminino",377484
"sao paulo","Preta","45 a 59 anos","Masculino",373980
"sao paulo","Preta","60 anos ou mais","Feminino",305672
"sao paulo","Preta","60 anos ou mais","Masculino",234319
"sergipe","Branca","18 a 24 anos","Feminino",30018
"sergipe","Branca","18 a 24 anos","Masculino",29033
"sergipe","Branca","25 a 34 anos","Feminino",39482
"sergipe","Branca","25 a 34 anos","Masculino",37582
"sergipe","Branca","35 a 44 anos","Feminino",44100
"sergipe","Branca","35 a 44 anos","Masculino",37090
"sergipe","Branca","45 a 59 anos","Feminino",53423
"sergipe","Branca","45 a 59 anos","Masculino",43921
"sergipe","Branca","60 anos ou mais","Feminino",49732
"sergipe","Branca","60 anos ou mais","Masculino",35515
"sergipe","Outras","18 a 24 anos","Feminino",462
"sergipe","Outras","18 a 24 anos","Masculino",NA
"sergipe","Outras","25 a 34 anos","Feminino",762
"sergipe","Outras","25 a 34 anos","Masculino",732
"sergipe","Outras","35 a 44 anos","Feminino",NA
"sergipe","Outras","35 a 44 anos","Masculino",NA
"sergipe","Outras","45 a 59 anos","Feminino",NA
"sergipe","Outras","45 a 59 anos","Masculino",NA
"sergipe","Outras","60 anos ou mais","Feminino",NA
"sergipe","Outras","60 anos ou mais","Masculino",NA
"sergipe","Parda","18 a 24 anos","Feminino",77062
"sergipe","Parda","18 a 24 anos","Masculino",75821
"sergipe","Parda","25 a 34 anos","Feminino",117106
"sergipe","Parda","25 a 34 anos","Masculino",100161
"sergipe","Parda","35 a 44 anos","Feminino",115370
"sergipe","Parda","35 a 44 anos","Masculino",99897
"sergipe","Parda","45 a 59 anos","Feminino",130300
"sergipe","Parda","45 a 59 anos","Masculino",110326
"sergipe","Parda","60 anos ou mais","Feminino",93989
"sergipe","Parda","60 anos ou mais","Masculino",73789
"sergipe","Preta","18 a 24 anos","Feminino",15705
"sergipe","Preta","18 a 24 anos","Masculino",17571
"sergipe","Preta","25 a 34 anos","Feminino",23728
"sergipe","Preta","25 a 34 anos","Masculino",25327
"sergipe","Preta","35 a 44 anos","Feminino",26161
"sergipe","Preta","35 a 44 anos","Masculino",27513
"sergipe","Preta","45 a 59 anos","Feminino",28522
"sergipe","Preta","45 a 59 anos","Masculino",29341
"sergipe","Preta","60 anos ou mais","Feminino",21081
"sergipe","Preta","60 anos ou mais","Masculino",18825
"tocantins","Branca","18 a 24 anos","Feminino",18710
"tocantins","Branca","18 a 24 anos","Masculino",18403
"tocantins","Branca","25 a 34 anos","Feminino",24943
"tocantins","Branca","25 a 34 anos","Masculino",22871
"tocantins","Branca","35 a 44 anos","Feminino",26373
"tocantins","Branca","35 a 44 anos","Masculino",25358
"tocantins","Branca","45 a 59 anos","Feminino",30795
"tocantins","Branca","45 a 59 anos","Masculino",29356
"tocantins","Branca","60 anos ou mais","Feminino",25226
"tocantins","Branca","60 anos ou mais","Masculino",25482
"tocantins","Outras","18 a 24 anos","Feminino",1591
"tocantins","Outras","18 a 24 anos","Masculino",1402
"tocantins","Outras","25 a 34 anos","Feminino",1658
"tocantins","Outras","25 a 34 anos","Masculino",1644
"tocantins","Outras","35 a 44 anos","Feminino",1215
"tocantins","Outras","35 a 44 anos","Masculino",1223
"tocantins","Outras","45 a 59 anos","Feminino",NA
"tocantins","Outras","45 a 59 anos","Masculino",973
"tocantins","Outras","60 anos ou mais","Feminino",NA
"tocantins","Outras","60 anos ou mais","Masculino",NA
"tocantins","Parda","18 a 24 anos","Feminino",54198
"tocantins","Parda","18 a 24 anos","Masculino",53342
"tocantins","Parda","25 a 34 anos","Feminino",75996
"tocantins","Parda","25 a 34 anos","Masculino",71358
"tocantins","Parda","35 a 44 anos","Feminino",75399
"tocantins","Parda","35 a 44 anos","Masculino",70394
"tocantins","Parda","45 a 59 anos","Feminino",78578
"tocantins","Parda","45 a 59 anos","Masculino",76077
"tocantins","Parda","60 anos ou mais","Feminino",54378
"tocantins","Parda","60 anos ou mais","Masculino",54048
"tocantins","Preta","18 a 24 anos","Feminino",11110
"tocantins","Preta","18 a 24 anos","Masculino",13342
"tocantins","Preta","25 a 34 anos","Feminino",15956
"tocantins","Preta","25 a 34 anos","Masculino",18482
"tocantins","Preta","35 a 44 anos","Feminino",15917
"tocantins","Preta","35 a 44 anos","Masculino",18548
"tocantins","Preta","45 a 59 anos","Feminino",17427
"tocantins","Preta","45 a 59 anos","Masculino",21524
"tocantins","Preta","60 anos ou mais","Feminino",13465
"tocantins","Preta","60 anos ou mais","Masculino",15031
