"uf","m1","m2","m3","n","amostra_bolsonaro","amostra_aborto"
"AC",0.327549878306738,0.222133115878143,0.488191972968656,5,0.4,0.4
"AL",0.321230160955228,0.303691368468789,0.816950434254413,21,0.142857142857143,0.523809523809524
"AM",0.33862377586126,0.649727296862239,0.726859068462467,45,0.377777777777778,0.466666666666667
"AP",0.327642317740343,0.287891850529911,0.332487111407614,10,0.4,0.2
"BA",0.277093264694694,0.423667518952577,0.403481974625633,133,0.165413533834586,0.270676691729323
"CE",0.308752082242336,0.416237650191383,0.85759390255906,85,0.2,0.329411764705882
"DF",0.337974367795708,0.349761298605662,0.4467739613253,24,0.458333333333333,0.0833333333333333
"ES",0.33098876422892,0.201563362960953,0.551329397291761,28,0.285714285714286,0.214285714285714
"GO",0.360014188186732,0.286774950071157,0.787565937552451,47,0.425531914893617,0.404255319148936
"MA",0.339433280497341,0.335157782927473,0.4354324070645,23,0.391304347826087,0.304347826086957
"MG",0.337127875041079,0.370046159661423,0.832635238735225,159,0.29559748427673,0.421383647798742
"MS",0.334814483830179,0.354075920693016,0.81394675795236,24,0.291666666666667,0.416666666666667
"MT",0.332450021050047,0.318051861853381,0.911629425587334,27,0.333333333333333,0.481481481481481
"PA",0.321651080730094,0.441424255476296,0.399134409942323,46,0.260869565217391,0.239130434782609
"PB",0.341792361345047,0.240029643643424,0.714988380035437,37,0.324324324324324,0.486486486486487
"PE",0.325471391846096,0.538260723977556,0.799671854357083,104,0.269230769230769,0.288461538461538
"PI",0.335404267788631,0.229898406679972,0.775379364273708,14,0.357142857142857,0.428571428571429
"PR",0.36254035359087,0.500600726387598,0.938033423759325,100,0.36,0.41
"RJ",0.334155926899954,0.629374973128951,0.497178457853695,211,0.312796208530806,0.293838862559242
"RN",0.327164137744174,0.225643792236815,0.899157030277346,38,0.236842105263158,0.421052631578947
"RO",0.342134149887759,0.296940713831636,0.550064331157052,10,0.5,0.6
"RR",0.312325065653805,0.294071381656133,0.588549212227059,2,0,0.5
"RS",0.327158111361439,0.541437280987376,0.702367145058819,133,0.255639097744361,0.31578947368421
"SC",0.364013730341359,0.320499384308998,0.642159718660197,81,0.358024691358025,0.246913580246914
"SE",0.326067325207424,0.188313167096861,0.508232489820301,20,0.25,0.35
"SP",0.344177854041432,0.60316980143266,0.664676478851412,553,0.321880650994575,0.311030741410488
"TO",0.316889648431556,0.29121323592472,0.667662637485708,6,0,0.666666666666667
