uf,bolsonaro,validos,pct
AC,262508,421778,62.24
AL,528355,1535746,34.4
AP,166935,409757,40.74
AM,805902,1853594,43.48
BA,1725140,7368545,23.41
CE,1061075,4880155,21.74
DF,936494,1604517,58.37
ES,1122131,2049148,54.76
GO,1868686,3264789,57.24
MA,817511,3366871,24.28
MT,981119,1634136,60.04
MS,769116,1396945,55.06
MG,5308047,10987714,48.31
PA,1499294,4142735,36.19
PB,677718,2165544,31.3
PE,1444685,4725136,30.57
PR,3496448,6145689,56.89
PI,346944,1848943,18.76
RJ,5107735,8543393,59.79
RN,541448,1792253,30.21
RS,3353623,6372436,52.63
RO,538311,864901,62.24
RR,174306,276788,62.97
SC,2603665,3955783,65.82
SP,12378012,23352779,53.0
SE,310310,1140380,27.21
TO,337782,756760,44.64
